<?xml version="1.0" encoding="UTF-8" ?>
<!DOCTYPE ldml SYSTEM "../../common/dtd/ldml.dtd">
<!-- Copyright © 1991-2017 Unicode, Inc.
For terms of use, see http://www.unicode.org/copyright.html
Unicode and the Unicode Logo are registered trademarks of Unicode, Inc. in the U.S. and other countries.
CLDR data files are interpreted according to the LDML specification (http://unicode.org/reports/tr35/)
-->
<!-- Derived short names and annotations, using GenerateDerivedAnnotations.java. See warnings in /annotations/ file. -->
<ldml>
	<identity>
		<version number="$Revision: $"/>
		<language type="as"/>
	</identity>
	<annotations>
		<annotation cp="🇦🇶" type="tts">এন্টাৰ্টিকা</annotation>
		<annotation cp="🇧🇷" type="tts">ব্ৰাজিল</annotation>
		<annotation cp="🇧🇻" type="tts">বভেট দ্বীপ</annotation>
		<annotation cp="🇨🇳" type="tts">চীন</annotation>
		<annotation cp="🇩🇪" type="tts">জাৰ্মানি</annotation>
		<annotation cp="🇫🇷" type="tts">ফ্ৰান্স</annotation>
		<annotation cp="🇬🇧" type="tts">সংযুক্ত ৰাজ্য</annotation>
		<annotation cp="🇬🇸" type="tts">দক্ষিণ জৰ্জিয়া আৰু দক্ষিণ চেণ্ডৱিচ্‌ দ্বীপ</annotation>
		<annotation cp="🇭🇲" type="tts">হাৰ্ড দ্বীপ আৰু মেক্‌ডোনাল্ড দ্বীপ</annotation>
		<annotation cp="🇮🇳" type="tts">ভাৰত</annotation>
		<annotation cp="🇮🇴" type="tts">ব্ৰিটিশ্ব ইণ্ডিয়ান মহাসাগৰৰ অঞ্চল</annotation>
		<annotation cp="🇮🇹" type="tts">ইটালি</annotation>
		<annotation cp="🇯🇵" type="tts">জাপান</annotation>
		<annotation cp="🇷🇺" type="tts">ৰুচ</annotation>
		<annotation cp="🇹🇫" type="tts">দক্ষিণ ফ্ৰান্সৰ অঞ্চল</annotation>
		<annotation cp="🇺🇸" type="tts">যুক্তৰাষ্ট্ৰ</annotation>
	</annotations>
</ldml>
