<?xml version="1.0" encoding="UTF-8" ?>
<!DOCTYPE ldml SYSTEM "../../common/dtd/ldml.dtd">
<!-- Copyright © 1991-2017 Unicode, Inc.
For terms of use, see http://www.unicode.org/copyright.html
Unicode and the Unicode Logo are registered trademarks of Unicode, Inc. in the U.S. and other countries.
CLDR data files are interpreted according to the LDML specification (http://unicode.org/reports/tr35/)
-->
<!-- Derived short names and annotations, using GenerateDerivedAnnotations.java. See warnings in /annotations/ file. -->
<ldml>
	<identity>
		<version number="$Revision: $"/>
		<language type="or"/>
	</identity>
	<annotations>
		<annotation cp="🇦🇩" type="tts">ଆଣ୍ଡୋରା</annotation>
		<annotation cp="🇦🇪" type="tts">ସଂଯୁକ୍ତ ଆରବ ଏମିରେଟସ୍</annotation>
		<annotation cp="🇦🇫" type="tts">ଆଫାଗାନିସ୍ତାନ୍</annotation>
		<annotation cp="🇦🇬" type="tts">ଆଣ୍ଟିଗୁଆ ଏବଂ ବାରବୁଦା</annotation>
		<annotation cp="🇦🇮" type="tts">ଆଙ୍ଗୁଇଲ୍ଲା</annotation>
		<annotation cp="🇦🇱" type="tts">ଆଲବାନିଆ</annotation>
		<annotation cp="🇦🇲" type="tts">ଆର୍ମେନିଆ</annotation>
		<annotation cp="🇦🇴" type="tts">ଆଙ୍ଗୋଲା</annotation>
		<annotation cp="🇦🇶" type="tts">ଆର୍ଣ୍ଟକଟିକା</annotation>
		<annotation cp="🇦🇷" type="tts">ଆର୍ଜେଣ୍ଟିନା</annotation>
		<annotation cp="🇦🇸" type="tts">ଆମେରିକାନ୍ ସାମୋଆ</annotation>
		<annotation cp="🇦🇹" type="tts">ଅଷ୍ଟ୍ରିଆ</annotation>
		<annotation cp="🇦🇺" type="tts">ଅଷ୍ଟ୍ରେଲିଆ</annotation>
		<annotation cp="🇦🇼" type="tts">ଆରୁବା</annotation>
		<annotation cp="🇦🇽" type="tts">ଆଲାଣ୍ଡ ଆଇସଲ୍ୟାଣ୍ଡ</annotation>
		<annotation cp="🇦🇿" type="tts">ଆଜେରବାଇଜାନ୍</annotation>
		<annotation cp="🇧🇦" type="tts">ବୋସନିଆ ଏବଂ ହର୍ଜଗୋଭିନା</annotation>
		<annotation cp="🇧🇧" type="tts">ବାରବାଡୋସ୍</annotation>
		<annotation cp="🇧🇩" type="tts">ବାଙ୍ଗଲାଦେଶ୍</annotation>
		<annotation cp="🇧🇪" type="tts">ବେଲଜିୟମ୍</annotation>
		<annotation cp="🇧🇫" type="tts">ବୁର୍କିନୋ ଫାସୋ</annotation>
		<annotation cp="🇧🇬" type="tts">ବୁଲଗେରିଆ</annotation>
		<annotation cp="🇧🇭" type="tts">ବାହାରିନ୍</annotation>
		<annotation cp="🇧🇮" type="tts">ବୁରୁନ୍ଦି</annotation>
		<annotation cp="🇧🇯" type="tts">ବେନିନ୍</annotation>
		<annotation cp="🇧🇱" type="tts">ସେଣ୍ଟ ବାର୍ଥେଲେମି</annotation>
		<annotation cp="🇧🇲" type="tts">ବରମୁଡା</annotation>
		<annotation cp="🇧🇳" type="tts">ବ୍ରୁନେଇ</annotation>
		<annotation cp="🇧🇴" type="tts">ବୋଲଭିଆ</annotation>
		<annotation cp="🇧🇷" type="tts">ବ୍ରାଜିଲ୍</annotation>
		<annotation cp="🇧🇸" type="tts">ବାହାମାସ୍</annotation>
		<annotation cp="🇧🇹" type="tts">ଭୁଟାନ୍</annotation>
		<annotation cp="🇧🇻" type="tts">ବୌଭେଟ୍ ଆଇସଲ୍ୟାଣ୍ଡ</annotation>
		<annotation cp="🇧🇼" type="tts">ବୋଟସ୍ବାନ୍</annotation>
		<annotation cp="🇧🇾" type="tts">ବେଲାରୁଷ୍</annotation>
		<annotation cp="🇧🇿" type="tts">ବେଲିଜ୍</annotation>
		<annotation cp="🇨🇦" type="tts">କାନାଡା</annotation>
		<annotation cp="🇨🇨" type="tts">କୋକୋସ୍ ଆଇସଲ୍ୟାଣ୍ଡ</annotation>
		<annotation cp="🇨🇩" type="tts">କଙ୍ଗୋ-କିନସାସା</annotation>
		<annotation cp="🇨🇫" type="tts">ମଧ୍ୟ ଆଫ୍ରିକୀୟ ଗଣତନ୍ତ୍ର</annotation>
		<annotation cp="🇨🇬" type="tts">କଙ୍ଗୋ-ବ୍ରାଜିଭିଲ୍ଲେ</annotation>
		<annotation cp="🇨🇭" type="tts">ସ୍ବିଜରଲ୍ୟାଣ୍ଡ</annotation>
		<annotation cp="🇨🇮" type="tts">ଆଇବରୀ କୋଷ୍ଟ</annotation>
		<annotation cp="🇨🇰" type="tts">କୁକ୍ ଆଇସଲ୍ୟାଣ୍ଡ</annotation>
		<annotation cp="🇨🇱" type="tts">ଚିଲ୍ଲୀ</annotation>
		<annotation cp="🇨🇲" type="tts">କାମେରୁନ୍</annotation>
		<annotation cp="🇨🇳" type="tts">ଚିନ୍</annotation>
		<annotation cp="🇨🇴" type="tts">କୋଲମ୍ବିଆ</annotation>
		<annotation cp="🇨🇷" type="tts">କୋଷ୍ଟା ରିକା</annotation>
		<annotation cp="🇨🇺" type="tts">କ୍ୱିବା</annotation>
		<annotation cp="🇨🇻" type="tts">କେପ୍ ଭର୍ଦେ</annotation>
		<annotation cp="🇨🇽" type="tts">ଖ୍ରୀଷ୍ଟମାସ ଆଇଲ୍ୟାଣ୍ଡ</annotation>
		<annotation cp="🇨🇾" type="tts">ସାଇପ୍ରସ୍</annotation>
		<annotation cp="🇨🇿" type="tts">ଚେକ୍ ସାଧାରଣତନ୍ତ୍ର</annotation>
		<annotation cp="🇩🇪" type="tts">ଜର୍ମାନୀ</annotation>
		<annotation cp="🇩🇯" type="tts">ଡିବୌଟି</annotation>
		<annotation cp="🇩🇰" type="tts">ଡେନମାର୍କ</annotation>
		<annotation cp="🇩🇲" type="tts">ଡୋମିନାକା</annotation>
		<annotation cp="🇩🇴" type="tts">ଡୋମିନକାନ୍ ପ୍ରଜାତନ୍ତ୍ର</annotation>
		<annotation cp="🇩🇿" type="tts">ଆଲଜେରିଆ</annotation>
		<annotation cp="🇪🇨" type="tts">ଇକ୍ୱାଡୋର୍</annotation>
		<annotation cp="🇪🇪" type="tts">ଏସ୍ତୋନିଆ</annotation>
		<annotation cp="🇪🇬" type="tts">ଇଜିପ୍ଟ</annotation>
		<annotation cp="🇪🇭" type="tts">ପଶ୍ଚିମ ସାହାରା</annotation>
		<annotation cp="🇪🇷" type="tts">ଇରିଟ୍ରିୟା</annotation>
		<annotation cp="🇪🇸" type="tts">ସ୍ପେନ୍</annotation>
		<annotation cp="🇪🇹" type="tts">ଇଥିଓପିଆ</annotation>
		<annotation cp="🇪🇺" type="tts">ୟୁରୋପିଆନ୍ ୟୁନିଅନ୍</annotation>
		<annotation cp="🇫🇮" type="tts">ଫିନଲ୍ୟାଣ୍ଡ</annotation>
		<annotation cp="🇫🇯" type="tts">ଫିଜି</annotation>
		<annotation cp="🇫🇰" type="tts">ଫଲ୍କଲ୍ୟାଣ୍ଡ ଦ୍ବୀପପୁଞ୍ଜ</annotation>
		<annotation cp="🇫🇲" type="tts">ମାଇକ୍ରୋନେସିଆ</annotation>
		<annotation cp="🇫🇴" type="tts">ଫାରୋଇ ଦ୍ବୀପପୁଞ୍ଜ</annotation>
		<annotation cp="🇫🇷" type="tts">ଫ୍ରାନ୍ସ</annotation>
		<annotation cp="🇬🇦" type="tts">ଗାବୋନ୍</annotation>
		<annotation cp="🇬🇧" type="tts">ବ୍ରିଟେନ୍</annotation>
		<annotation cp="🇬🇩" type="tts">ଗ୍ରେନାଡା</annotation>
		<annotation cp="🇬🇪" type="tts">ଜର୍ଜିଆ</annotation>
		<annotation cp="🇬🇫" type="tts">ଫ୍ରେଞ୍ଚ ଗୁଇନା</annotation>
		<annotation cp="🇬🇬" type="tts">ଗୁଏରନେସି</annotation>
		<annotation cp="🇬🇭" type="tts">ଘାନା</annotation>
		<annotation cp="🇬🇮" type="tts">ଜିବ୍ରାଲ୍ଟର୍</annotation>
		<annotation cp="🇬🇱" type="tts">ଗ୍ରୀନଲ୍ୟାଣ୍ଡ</annotation>
		<annotation cp="🇬🇲" type="tts">ଗାମ୍ବିଆ</annotation>
		<annotation cp="🇬🇳" type="tts">ଗୁଏନେଆ</annotation>
		<annotation cp="🇬🇵" type="tts">ଗୌଡେଲୌପେ</annotation>
		<annotation cp="🇬🇶" type="tts">ଇକ୍ବାଟେରିଆଲ୍ ଗୁଇନିଆ</annotation>
		<annotation cp="🇬🇷" type="tts">ଗ୍ରୀସ୍</annotation>
		<annotation cp="🇬🇸" type="tts">ଦକ୍ଷିଣ ଜର୍ଜିଆ ଏବଂ ଦକ୍ଷିଣ ସାଣ୍ଡୱିଚ୍ ଦ୍ବୀପପୁଞ୍ଜ</annotation>
		<annotation cp="🇬🇹" type="tts">ଗୁଏତମାଲା</annotation>
		<annotation cp="🇬🇺" type="tts">ଗୁଆମ୍</annotation>
		<annotation cp="🇬🇼" type="tts">ଗୁଇନିଆ-ବିସାଉ</annotation>
		<annotation cp="🇬🇾" type="tts">ଗୁଇନା</annotation>
		<annotation cp="🇭🇰" type="tts">ହଂକଂ ବିଶେଷ ପ୍ରଶାସନିକ କ୍ଷେତ୍ର ଚୀନ୍</annotation>
		<annotation cp="🇭🇲" type="tts">ହାର୍ଡ ଦ୍ବୀପପୁଞ୍ଜ ଏବଂ ମ୍ୟାକଡୋନାଲ୍ ଦ୍ବୀପପୁଞ୍ଜ</annotation>
		<annotation cp="🇭🇳" type="tts">ହୋଣ୍ଡାରୁସ୍</annotation>
		<annotation cp="🇭🇷" type="tts">କ୍ରୋଆଟିଆ</annotation>
		<annotation cp="🇭🇹" type="tts">ହାଇତି</annotation>
		<annotation cp="🇭🇺" type="tts">ହଙ୍ଗେରୀ</annotation>
		<annotation cp="🇮🇩" type="tts">ଇଣ୍ଡୋନେସିଆ</annotation>
		<annotation cp="🇮🇪" type="tts">ଆୟରଲ୍ୟାଣ୍ଡ</annotation>
		<annotation cp="🇮🇱" type="tts">ଇସ୍ରାଏଲ୍</annotation>
		<annotation cp="🇮🇲" type="tts">ଆଇଲ୍ ଅଫ୍ ମୈନ୍</annotation>
		<annotation cp="🇮🇳" type="tts">ଭାରତ</annotation>
		<annotation cp="🇮🇴" type="tts">ବ୍ରିଟିଶ୍ ଭାରତୀୟ ସାମୁଦ୍ରିକ କ୍ଷେତ୍ର</annotation>
		<annotation cp="🇮🇶" type="tts">ଇରାକ୍</annotation>
		<annotation cp="🇮🇷" type="tts">ଇରାନ୍</annotation>
		<annotation cp="🇮🇸" type="tts">ଆଇସଲ୍ୟାଣ୍ଡ</annotation>
		<annotation cp="🇮🇹" type="tts">ଇଟାଲୀ</annotation>
		<annotation cp="🇯🇪" type="tts">ଜର୍ସି</annotation>
		<annotation cp="🇯🇲" type="tts">ଜାମାଇକା</annotation>
		<annotation cp="🇯🇴" type="tts">ଜୋର୍ଡାନ୍</annotation>
		<annotation cp="🇯🇵" type="tts">ଜାପାନ୍</annotation>
		<annotation cp="🇰🇪" type="tts">କେନିୟା</annotation>
		<annotation cp="🇰🇬" type="tts">କିର୍ଗିଜିସ୍ଥାନ</annotation>
		<annotation cp="🇰🇭" type="tts">କାମ୍ବୋଡିଆ</annotation>
		<annotation cp="🇰🇮" type="tts">କିରିବାଟୀ</annotation>
		<annotation cp="🇰🇲" type="tts">କାମୋରସ୍</annotation>
		<annotation cp="🇰🇳" type="tts">ସେଣ୍ଟ କିଟସ୍ ଏଣ୍ଡ ନେଭିସ୍</annotation>
		<annotation cp="🇰🇵" type="tts">ଉତ୍ତର କୋରିଆ</annotation>
		<annotation cp="🇰🇷" type="tts">ଦକ୍ଷିଣ କୋରିଆ</annotation>
		<annotation cp="🇰🇼" type="tts">କୁଏତ୍</annotation>
		<annotation cp="🇰🇾" type="tts">କେମ୍ୟାନ୍ ଦ୍ବୀପପୁଞ୍ଜ</annotation>
		<annotation cp="🇰🇿" type="tts">କାଜାକାସ୍ଥାନ୍</annotation>
		<annotation cp="🇱🇦" type="tts">ଲାଓସ୍</annotation>
		<annotation cp="🇱🇧" type="tts">ଲେବାନନ୍</annotation>
		<annotation cp="🇱🇨" type="tts">ସେଣ୍ଟ ଲୁସିଆ</annotation>
		<annotation cp="🇱🇮" type="tts">ଲିଚେସ୍ତିଆନାନ୍</annotation>
		<annotation cp="🇱🇰" type="tts">ଶ୍ରୀଲଙ୍କା</annotation>
		<annotation cp="🇱🇷" type="tts">ଲିବେରିଆ</annotation>
		<annotation cp="🇱🇸" type="tts">ଲେସୋଥୋ</annotation>
		<annotation cp="🇱🇹" type="tts">ଲିଥାଆନିଆ</annotation>
		<annotation cp="🇱🇺" type="tts">ଲକ୍ସେମବର୍ଗ</annotation>
		<annotation cp="🇱🇻" type="tts">ଲାଟଭିଆ</annotation>
		<annotation cp="🇱🇾" type="tts">ଲିବିଆ</annotation>
		<annotation cp="🇲🇦" type="tts">ମୋରୋକ୍କୋ</annotation>
		<annotation cp="🇲🇨" type="tts">ମୋନାକୋ</annotation>
		<annotation cp="🇲🇩" type="tts">ମାଲଡୋଭା</annotation>
		<annotation cp="🇲🇪" type="tts">ମଣ୍ଟେଗ୍ରୋ</annotation>
		<annotation cp="🇲🇫" type="tts">ସେଣ୍ଟ ମାର୍ଟିନ୍</annotation>
		<annotation cp="🇲🇬" type="tts">ମାଡାଗାସ୍କର୍</annotation>
		<annotation cp="🇲🇭" type="tts">ମାର୍ଶଲ୍ ଦ୍ବୀପପୁଞ୍ଜ</annotation>
		<annotation cp="🇲🇰" type="tts">ମାସେଡୋନିଆ</annotation>
		<annotation cp="🇲🇱" type="tts">ମାଳୀ</annotation>
		<annotation cp="🇲🇲" type="tts">ମିୟାମାର୍</annotation>
		<annotation cp="🇲🇳" type="tts">ମଙ୍ଗୋଲିଆ</annotation>
		<annotation cp="🇲🇴" type="tts">ମାକାଉ SAR ଚିନ୍</annotation>
		<annotation cp="🇲🇵" type="tts">ଉତ୍ତର ମାରିଆନା ଦ୍ବୀପପୁଞ୍ଜ</annotation>
		<annotation cp="🇲🇶" type="tts">ମାର୍ଟିନିକ୍ୟୁ</annotation>
		<annotation cp="🇲🇷" type="tts">ମାଉରିଟାନିଆ</annotation>
		<annotation cp="🇲🇸" type="tts">ମଣ୍ଟେସେରାଟ୍</annotation>
		<annotation cp="🇲🇹" type="tts">ମାଲ୍ଟା</annotation>
		<annotation cp="🇲🇺" type="tts">ମୌରିସସ୍</annotation>
		<annotation cp="🇲🇻" type="tts">ମାଳଦ୍ବୀପ</annotation>
		<annotation cp="🇲🇼" type="tts">ମାଲୱି</annotation>
		<annotation cp="🇲🇽" type="tts">ମେକ୍ସିକୋ</annotation>
		<annotation cp="🇲🇾" type="tts">ମାଲେସିଆ</annotation>
		<annotation cp="🇲🇿" type="tts">ମୋଜାମ୍ବିକ୍ୟୁ</annotation>
		<annotation cp="🇳🇦" type="tts">ନାମ୍ବିଆ</annotation>
		<annotation cp="🇳🇨" type="tts">ନୂତନ କାଲେଡୋନିଆ</annotation>
		<annotation cp="🇳🇪" type="tts">ନାଇଜର୍</annotation>
		<annotation cp="🇳🇫" type="tts">ନରଫ୍ଲକ୍ ଦ୍ବୀପ</annotation>
		<annotation cp="🇳🇬" type="tts">ନାଇଜେରିଆ</annotation>
		<annotation cp="🇳🇮" type="tts">ନିକାରାଗୁଆ</annotation>
		<annotation cp="🇳🇱" type="tts">ନେଦରଲ୍ୟାଣ୍ଡ</annotation>
		<annotation cp="🇳🇴" type="tts">ନରୱେ</annotation>
		<annotation cp="🇳🇵" type="tts">ନେପାଳ</annotation>
		<annotation cp="🇳🇷" type="tts">ନାଉରୁ</annotation>
		<annotation cp="🇳🇺" type="tts">ନିଉ</annotation>
		<annotation cp="🇳🇿" type="tts">ନ୍ୟୁଜିଲାଣ୍ଡ</annotation>
		<annotation cp="🇴🇲" type="tts">ଓମାନ୍</annotation>
		<annotation cp="🇵🇦" type="tts">ପାନାମା</annotation>
		<annotation cp="🇵🇪" type="tts">ପେରୁ</annotation>
		<annotation cp="🇵🇫" type="tts">ଫ୍ରେଞ୍ଚ ପଲିନେସିଆ</annotation>
		<annotation cp="🇵🇬" type="tts">ପପୁଆ ନ୍ୟୁ ଗୁଏନିଆ</annotation>
		<annotation cp="🇵🇭" type="tts">ଫିଲିପାଇନସ୍</annotation>
		<annotation cp="🇵🇰" type="tts">ପାକିସ୍ତାନ</annotation>
		<annotation cp="🇵🇱" type="tts">ପୋଲାଣ୍ଡ</annotation>
		<annotation cp="🇵🇲" type="tts">ସେଣ୍ଟ ପିଏରେ ଏବଂ ମିକ୍ବାଲୋନ୍</annotation>
		<annotation cp="🇵🇳" type="tts">ପିଟକାଇରିନ୍</annotation>
		<annotation cp="🇵🇷" type="tts">ପୁଏର୍ତ୍ତୋ ରିକୋ</annotation>
		<annotation cp="🇵🇸" type="tts">ପାଲେସ୍ତେନିଆ</annotation>
		<annotation cp="🇵🇹" type="tts">ପର୍ତ୍ତୁଗାଲ୍</annotation>
		<annotation cp="🇵🇼" type="tts">ପାଲାଉ</annotation>
		<annotation cp="🇵🇾" type="tts">ପାରାଗୁଏ</annotation>
		<annotation cp="🇶🇦" type="tts">କତାର୍</annotation>
		<annotation cp="🇷🇪" type="tts">ରିୟୁନିଅନ୍</annotation>
		<annotation cp="🇷🇴" type="tts">ରୋମାନିଆ</annotation>
		<annotation cp="🇷🇸" type="tts">ସର୍ବିଆ</annotation>
		<annotation cp="🇷🇺" type="tts">ରୁଷିଆ</annotation>
		<annotation cp="🇷🇼" type="tts">ରାୱାଣ୍ଡା</annotation>
		<annotation cp="🇸🇦" type="tts">ସାଉଦି ଆରବିଆ</annotation>
		<annotation cp="🇸🇧" type="tts">ସୋଲୋମନ୍ ଦ୍ବୀପପୁଞ୍ଜ</annotation>
		<annotation cp="🇸🇨" type="tts">ସେଚେଲସ୍</annotation>
		<annotation cp="🇸🇩" type="tts">ସୁଦାନ୍</annotation>
		<annotation cp="🇸🇪" type="tts">ସ୍ୱେଡେନ୍</annotation>
		<annotation cp="🇸🇬" type="tts">ସିଙ୍ଗାପୁର୍</annotation>
		<annotation cp="🇸🇭" type="tts">ସେଣ୍ଟ ହେଲେନା</annotation>
		<annotation cp="🇸🇮" type="tts">ସ୍ଲୋଭେନିଆ</annotation>
		<annotation cp="🇸🇯" type="tts">ସାଲ୍ଭାର୍ଡ ଏବଂ ଜାନ୍ ମାୟୋନ୍</annotation>
		<annotation cp="🇸🇰" type="tts">ସ୍ଲୋଭାକିଆ</annotation>
		<annotation cp="🇸🇱" type="tts">ସିଓରା ଲିଓନ୍</annotation>
		<annotation cp="🇸🇲" type="tts">ସାନ୍ ମାରିନୋ</annotation>
		<annotation cp="🇸🇳" type="tts">ସେନେଗାଲ୍</annotation>
		<annotation cp="🇸🇴" type="tts">ସୋମାଲିଆ</annotation>
		<annotation cp="🇸🇷" type="tts">ସୁରିନାମ</annotation>
		<annotation cp="🇸🇸" type="tts">ଦକ୍ଷିନ ସୁଦାନ</annotation>
		<annotation cp="🇸🇹" type="tts">ସାଓ ଟୋମେ ଏବଂ ପ୍ରିନସିପି</annotation>
		<annotation cp="🇸🇻" type="tts">ଏଲ୍ ସାଲଭାଡୋର୍</annotation>
		<annotation cp="🇸🇾" type="tts">ସିରିଆ</annotation>
		<annotation cp="🇸🇿" type="tts">ସ୍ବାଜିଲାଣ୍ଡ</annotation>
		<annotation cp="🇹🇨" type="tts">ତୁର୍କସ୍ ଏବଂ ସାଇକସ୍ ଦ୍ବୀପପୁଞ୍ଜ</annotation>
		<annotation cp="🇹🇩" type="tts">ଚାଦ୍</annotation>
		<annotation cp="🇹🇫" type="tts">ଫରାସୀ ଦକ୍ଷିଣ କ୍ଷେତ୍ର</annotation>
		<annotation cp="🇹🇬" type="tts">ଟୋଗୋ</annotation>
		<annotation cp="🇹🇭" type="tts">ଥାଇଲାଣ୍ଡ</annotation>
		<annotation cp="🇹🇯" type="tts">ତାଜିକିସ୍ଥାନ୍</annotation>
		<annotation cp="🇹🇰" type="tts">ଟୋକେଲାଉ</annotation>
		<annotation cp="🇹🇱" type="tts">ପୁର୍ବ ତିମୋର୍</annotation>
		<annotation cp="🇹🇲" type="tts">ତୁର୍କମେନିସ୍ତାନ୍</annotation>
		<annotation cp="🇹🇳" type="tts">ତୁନିସିଆ</annotation>
		<annotation cp="🇹🇴" type="tts">ଟୋଙ୍ଗା</annotation>
		<annotation cp="🇹🇷" type="tts">ତୁର୍କୀ</annotation>
		<annotation cp="🇹🇹" type="tts">ତ୍ରିନିଦାଦ୍ ଏବଂ ଟୋବାଗୋ</annotation>
		<annotation cp="🇹🇻" type="tts">ଟୁଭାଲୁ</annotation>
		<annotation cp="🇹🇼" type="tts">ତାଇୱାନ୍</annotation>
		<annotation cp="🇹🇿" type="tts">ତାଞ୍ଜାନିଆ</annotation>
		<annotation cp="🇺🇦" type="tts">ୟୁକ୍ରାଇନ୍</annotation>
		<annotation cp="🇺🇬" type="tts">ଉଗାଣ୍ଡା</annotation>
		<annotation cp="🇺🇲" type="tts">ୟୁନାଇଟେଡ୍ ଷ୍ଟେଟସ୍ ମାଇନର୍ ଆଉଟଲେଇଂ ଦ୍ବୀପପୁଞ୍ଜ</annotation>
		<annotation cp="🇺🇸" type="tts">ଯୁକ୍ତ ରାଷ୍ଟ୍ର ଆମେରିକା</annotation>
		<annotation cp="🇺🇾" type="tts">ଉରୁଗୁଏ</annotation>
		<annotation cp="🇺🇿" type="tts">ଉଜବେକିସ୍ଥାନ୍</annotation>
		<annotation cp="🇻🇦" type="tts">ଭାଟିକାନ୍</annotation>
		<annotation cp="🇻🇨" type="tts">ସେଣ୍ଟ ଭିନସେଣ୍ଟ ଏବଂ ଦି ଗ୍ରେନାଡିସ୍</annotation>
		<annotation cp="🇻🇪" type="tts">ଭେନଜୁଏଲା</annotation>
		<annotation cp="🇻🇬" type="tts">ବ୍ରିଟିଶ୍ ଭର୍ଜିନ୍ ଦ୍ବୀପପୁଞ୍ଜ</annotation>
		<annotation cp="🇻🇮" type="tts">ୟୁଏସ୍ ଭର୍ଜିନ୍ ଦ୍ବୀପପୁଞ୍ଜ</annotation>
		<annotation cp="🇻🇳" type="tts">ଭିଏତନାମ୍</annotation>
		<annotation cp="🇻🇺" type="tts">ଭାନୁଆତୁ</annotation>
		<annotation cp="🇼🇫" type="tts">ୱାଲିସ୍ ଏବଂ ଫୁତୁନା</annotation>
		<annotation cp="🇼🇸" type="tts">ସାମୋଆ</annotation>
		<annotation cp="🇾🇪" type="tts">ୟେମେନ୍</annotation>
		<annotation cp="🇾🇹" type="tts">ମାୟୋଟେ</annotation>
		<annotation cp="🇿🇦" type="tts">ଦକ୍ଷିଣ ଆଫ୍ରିକା</annotation>
		<annotation cp="🇿🇲" type="tts">ଜାମ୍ବିଆ</annotation>
		<annotation cp="🇿🇼" type="tts">ଜିମ୍ବାୱେ</annotation>
	</annotations>
</ldml>
